method,holdout,fold,cell_type,rho
DE_top,Pappalardo,2,B,0.5373257577104087
DE_top,Pappalardo,2,CD4_T,0.5921103769980971
DE_top,Pappalardo,2,CD8_T,0.3439994595605593
DE_top,Pappalardo,2,DC,0.5932986686018454
DE_top,Pappalardo,2,Mono,0.2193630609345686
DE_top,Pappalardo,2,NK,0.2448285216594946
DE_top,Pappalardo,2,dnT,0.4276011314270967
DE_top,Pappalardo,2,gdT,0.3366892490525054
DE_top,Pappalardo,3,B,0.5883880882366478
DE_top,Pappalardo,3,CD4_T,0.6468269414052199
DE_top,Pappalardo,3,CD8_T,0.3734699399477668
DE_top,Pappalardo,3,DC,0.2982935990745569
DE_top,Pappalardo,3,Mono,0.2535769418506742
DE_top,Pappalardo,3,NK,0.2914656911397152
DE_top,Pappalardo,3,dnT,0.4366635339104469
DE_top,Pappalardo,3,gdT,0.3341664696793111
DE_top,Pappalardo,4,B,0.517465393143069
DE_top,Pappalardo,4,CD4_T,0.4256395551432764
DE_top,Pappalardo,4,CD8_T,0.281123614454028
DE_top,Pappalardo,4,DC,0.4590272390822815
DE_top,Pappalardo,4,Mono,0.3267467333897457
DE_top,Pappalardo,4,NK,0.2878242674543048
DE_top,Pappalardo,4,dnT,0.3110792569336189
DE_top,Pappalardo,4,gdT,0.2251726795181502
DE_top,Pappalardo,5,B,0.3413174374811206
DE_top,Pappalardo,5,CD4_T,0.4383005386288937
DE_top,Pappalardo,5,CD8_T,0.2939194334216926
DE_top,Pappalardo,5,DC,0.6126818304983312
DE_top,Pappalardo,5,Mono,0.2127744473576605
DE_top,Pappalardo,5,NK,0.2889532185381351
DE_top,Pappalardo,5,dnT,0.3336729110414395
DE_top,Pappalardo,5,gdT,0.2623242254524674
ElasticNet,Pappalardo,2,B,0.69757030477254
ElasticNet,Pappalardo,2,CD4_T,0.4761733801991991
ElasticNet,Pappalardo,2,CD8_T,0.3204306319941059
ElasticNet,Pappalardo,2,DC,0.5538661474451355
ElasticNet,Pappalardo,2,Mono,0.2974436196098338
ElasticNet,Pappalardo,2,NK,0.3710742148256129
ElasticNet,Pappalardo,2,dnT,0.6053902882173847
ElasticNet,Pappalardo,2,gdT,0.4103608977074982
ElasticNet,Pappalardo,3,B,0.607241086453996
ElasticNet,Pappalardo,3,CD4_T,0.5522754312437979
ElasticNet,Pappalardo,3,CD8_T,0.2999347488941295
ElasticNet,Pappalardo,3,DC,0.6436329048183957
ElasticNet,Pappalardo,3,Mono,0.3082673999096855
ElasticNet,Pappalardo,3,NK,0.4109806791698893
ElasticNet,Pappalardo,3,dnT,0.5484442659337352
ElasticNet,Pappalardo,3,gdT,0.4230220317167765
ElasticNet,Pappalardo,4,B,0.3840558221815752
ElasticNet,Pappalardo,4,CD4_T,0.4253755283772897
ElasticNet,Pappalardo,4,CD8_T,0.3758816762562713
ElasticNet,Pappalardo,4,DC,0.4271821036303024
ElasticNet,Pappalardo,4,Mono,0.2852024508832042
ElasticNet,Pappalardo,4,NK,0.4303007311782356
ElasticNet,Pappalardo,4,dnT,0.4797957703235211
ElasticNet,Pappalardo,4,gdT,0.3147434251149844
ElasticNet,Pappalardo,5,B,0.5487778116790792
ElasticNet,Pappalardo,5,CD4_T,0.6266678385698382
ElasticNet,Pappalardo,5,CD8_T,0.4262222161314584
ElasticNet,Pappalardo,5,DC,0.3804396219894684
ElasticNet,Pappalardo,5,Mono,0.2529746586998007
ElasticNet,Pappalardo,5,NK,0.3573800236778732
ElasticNet,Pappalardo,5,dnT,0.4330382827038814
ElasticNet,Pappalardo,5,gdT,0.4146549254145685
HVG,Pappalardo,2,B,0.2905655512662683
HVG,Pappalardo,2,CD4_T,0.4194926197991968
HVG,Pappalardo,2,CD8_T,0.4748552553491785
HVG,Pappalardo,2,DC,0.4721132653127666
HVG,Pappalardo,2,Mono,0.4666205904735719
HVG,Pappalardo,2,NK,0.3745073621409568
HVG,Pappalardo,2,dnT,0.4869092735746009
HVG,Pappalardo,2,gdT,0.3273330056541318
HVG,Pappalardo,3,B,0.3231595129748548
HVG,Pappalardo,3,CD4_T,0.4256560615368941
HVG,Pappalardo,3,CD8_T,0.4809227161106702
HVG,Pappalardo,3,DC,0.3228856784411199
HVG,Pappalardo,3,Mono,0.3131032864238399
HVG,Pappalardo,3,NK,0.2914881886960922
HVG,Pappalardo,3,dnT,0.6924488779439593
HVG,Pappalardo,3,gdT,0.3573774034328476
HVG,Pappalardo,4,B,0.3190866235706219
HVG,Pappalardo,4,CD4_T,0.4967015741008111
HVG,Pappalardo,4,CD8_T,0.5004972664807572
HVG,Pappalardo,4,DC,0.2632489058133526
HVG,Pappalardo,4,Mono,0.4499220422896189
HVG,Pappalardo,4,NK,0.3671659442533411
HVG,Pappalardo,4,dnT,0.4037727137501066
HVG,Pappalardo,4,gdT,0.3639334553796478
HVG,Pappalardo,5,B,0.3186939407715119
HVG,Pappalardo,5,CD4_T,0.3991973124462825
HVG,Pappalardo,5,CD8_T,0.3880833609889379
HVG,Pappalardo,5,DC,0.3440084256007125
HVG,Pappalardo,5,Mono,0.3785696766752553
HVG,Pappalardo,5,NK,0.3780589490492194
HVG,Pappalardo,5,dnT,0.6732558468190577
HVG,Pappalardo,5,gdT,0.3113730649976513
LASSO,Pappalardo,2,B,0.4222339322567139
LASSO,Pappalardo,2,CD4_T,0.3603892602285832
LASSO,Pappalardo,2,CD8_T,0.3209241602854929
LASSO,Pappalardo,2,DC,0.3536502908200162
LASSO,Pappalardo,2,Mono,0.2759341044155978
LASSO,Pappalardo,2,NK,0.2110849552735798
LASSO,Pappalardo,2,dnT,0.4135435751706342
LASSO,Pappalardo,2,gdT,0.3969863789804973
LASSO,Pappalardo,3,B,0.4176552844314137
LASSO,Pappalardo,3,CD4_T,0.3012027067549587
LASSO,Pappalardo,3,CD8_T,0.2432961091717376
LASSO,Pappalardo,3,DC,0.2821837898112066
LASSO,Pappalardo,3,Mono,0.1901649776763224
LASSO,Pappalardo,3,NK,0.3066141958594219
LASSO,Pappalardo,3,dnT,0.3342809022505293
LASSO,Pappalardo,3,gdT,0.3024135186658133
LASSO,Pappalardo,4,B,0.3719741771321616
LASSO,Pappalardo,4,CD4_T,0.2232050534380839
LASSO,Pappalardo,4,CD8_T,0.237889766046028
LASSO,Pappalardo,4,DC,0.3005370867237817
LASSO,Pappalardo,4,Mono,0.1586970717020094
LASSO,Pappalardo,4,NK,0.2234811983668301
LASSO,Pappalardo,4,dnT,0.3472442710493582
LASSO,Pappalardo,4,gdT,0.3394128229130427
LASSO,Pappalardo,5,B,0.4741316018165405
LASSO,Pappalardo,5,CD4_T,0.4379657890198759
LASSO,Pappalardo,5,CD8_T,0.2068715764653297
LASSO,Pappalardo,5,DC,0.304985064991348
LASSO,Pappalardo,5,Mono,0.1935064392746407
LASSO,Pappalardo,5,NK,0.3268647813082366
LASSO,Pappalardo,5,dnT,0.3703161739254909
LASSO,Pappalardo,5,gdT,0.2353186310433569
QUBO,Pappalardo,2,B,0.3460806003737226
QUBO,Pappalardo,2,CD4_T,0.3438702374736069
QUBO,Pappalardo,2,CD8_T,0.1679996018119657
QUBO,Pappalardo,2,DC,0.3871417521960777
QUBO,Pappalardo,2,Mono,0.1703336647927256
QUBO,Pappalardo,2,NK,0.1964569651443982
QUBO,Pappalardo,2,dnT,0.2420761224409152
QUBO,Pappalardo,2,gdT,0.2653685515824482
QUBO,Pappalardo,3,B,0.3000042710424855
QUBO,Pappalardo,3,CD4_T,0.229930800082788
QUBO,Pappalardo,3,CD8_T,0.2730762499709647
QUBO,Pappalardo,3,DC,0.2074505462101543
QUBO,Pappalardo,3,Mono,0.1756668185434173
QUBO,Pappalardo,3,NK,0.2155652874082463
QUBO,Pappalardo,3,dnT,0.2063553389528982
QUBO,Pappalardo,3,gdT,0.2241513567678611
QUBO,Pappalardo,4,B,0.3170411138317223
QUBO,Pappalardo,4,CD4_T,0.1815560932244027
QUBO,Pappalardo,4,CD8_T,0.2062547493499484
QUBO,Pappalardo,4,DC,0.3158619071784751
QUBO,Pappalardo,4,Mono,0.1713095920555904
QUBO,Pappalardo,4,NK,0.2000450531074067
QUBO,Pappalardo,4,dnT,0.2002749350529361
QUBO,Pappalardo,4,gdT,0.174339012299952
QUBO,Pappalardo,5,B,0.2990868263853566
QUBO,Pappalardo,5,CD4_T,0.2147439659510493
QUBO,Pappalardo,5,CD8_T,0.224130853704332
QUBO,Pappalardo,5,DC,0.3346927795009627
QUBO,Pappalardo,5,Mono,0.1367789853179389
QUBO,Pappalardo,5,NK,0.1894185637651556
QUBO,Pappalardo,5,dnT,0.1914890075191823
QUBO,Pappalardo,5,gdT,0.176770830916957
mRMR,Pappalardo,2,B,0.3823759701370708
mRMR,Pappalardo,2,CD4_T,0.3802388442258087
mRMR,Pappalardo,2,CD8_T,0.1963651807605532
mRMR,Pappalardo,2,DC,0.4274961375090491
mRMR,Pappalardo,2,Mono,0.1834410005239709
mRMR,Pappalardo,2,NK,0.1995580256759991
mRMR,Pappalardo,2,dnT,0.3229946436355847
mRMR,Pappalardo,2,gdT,0.3015522171833473
mRMR,Pappalardo,3,B,0.3086463281077342
mRMR,Pappalardo,3,CD4_T,0.2300381075060437
mRMR,Pappalardo,3,CD8_T,0.3126029700559686
mRMR,Pappalardo,3,DC,0.2774427654783253
mRMR,Pappalardo,3,Mono,0.2139510771146715
mRMR,Pappalardo,3,NK,0.2315289153907166
mRMR,Pappalardo,3,dnT,0.2454157518199713
mRMR,Pappalardo,3,gdT,0.2535734337074691
mRMR,Pappalardo,4,B,0.2726180145985227
mRMR,Pappalardo,4,CD4_T,0.2399481100644515
mRMR,Pappalardo,4,CD8_T,0.2239949206104636
mRMR,Pappalardo,4,DC,0.3718452530022629
mRMR,Pappalardo,4,Mono,0.1918101237166679
mRMR,Pappalardo,4,NK,0.2878242674543049
mRMR,Pappalardo,4,dnT,0.2262765059814152
mRMR,Pappalardo,4,gdT,0.2047721796839842
mRMR,Pappalardo,5,B,0.3413174374811207
mRMR,Pappalardo,5,CD4_T,0.293090891004045
mRMR,Pappalardo,5,CD8_T,0.2718368297865178
mRMR,Pappalardo,5,DC,0.3079545142231495
mRMR,Pappalardo,5,Mono,0.1704689476122332
mRMR,Pappalardo,5,NK,0.2260250839980269
mRMR,Pappalardo,5,dnT,0.2391486792462831
mRMR,Pappalardo,5,gdT,0.2161632846958617
DE_top,Pappalardo,1,B,0.6071178931417229
DE_top,Pappalardo,1,CD4_T,0.5200717031069806
DE_top,Pappalardo,1,CD8_T,0.3618627483736771
DE_top,Pappalardo,1,DC,0.5977458928874186
DE_top,Pappalardo,1,Mono,0.214234179289003
DE_top,Pappalardo,1,NK,0.2842263233010588
DE_top,Pappalardo,1,dnT,0.3204608389090296
DE_top,Pappalardo,1,gdT,0.3044611169888775
ElasticNet,Pappalardo,1,B,0.5616991916013835
ElasticNet,Pappalardo,1,CD4_T,0.2900755869354643
ElasticNet,Pappalardo,1,CD8_T,0.3305903247061352
ElasticNet,Pappalardo,1,DC,0.5686996445600393
ElasticNet,Pappalardo,1,Mono,0.3325656077190277
ElasticNet,Pappalardo,1,NK,0.3375115918010176
ElasticNet,Pappalardo,1,dnT,0.4196139930469172
ElasticNet,Pappalardo,1,gdT,0.2772163012112298
HVG,Pappalardo,1,B,0.3168836952679755
HVG,Pappalardo,1,CD4_T,0.4568160053348164
HVG,Pappalardo,1,CD8_T,0.505303789297781
HVG,Pappalardo,1,DC,0.2909979200251131
HVG,Pappalardo,1,Mono,0.3663703513287508
HVG,Pappalardo,1,NK,0.4265263347637044
HVG,Pappalardo,1,dnT,0.6591948824231131
HVG,Pappalardo,1,gdT,0.3139700617665349
LASSO,Pappalardo,1,B,0.4605926400707823
LASSO,Pappalardo,1,CD4_T,0.2257710349409157
LASSO,Pappalardo,1,CD8_T,0.3314555234148041
LASSO,Pappalardo,1,DC,0.2896569052468288
LASSO,Pappalardo,1,Mono,0.2551110641852926
LASSO,Pappalardo,1,NK,0.2231961738569783
LASSO,Pappalardo,1,dnT,0.4075510034327933
LASSO,Pappalardo,1,gdT,0.2495809865213407
QUBO,Pappalardo,1,B,0.3522182312564476
QUBO,Pappalardo,1,CD4_T,0.2550511375962891
QUBO,Pappalardo,1,CD8_T,0.2001031095717529
QUBO,Pappalardo,1,DC,0.2721013628859297
QUBO,Pappalardo,1,Mono,0.1793508182581752
QUBO,Pappalardo,1,NK,0.1677089121795824
QUBO,Pappalardo,1,dnT,0.1567710329239111
QUBO,Pappalardo,1,gdT,0.1650066124752385
mRMR,Pappalardo,1,B,0.3585630367622945
mRMR,Pappalardo,1,CD4_T,0.3039623522840217
mRMR,Pappalardo,1,CD8_T,0.2467635978277741
mRMR,Pappalardo,1,DC,0.4068085382511485
mRMR,Pappalardo,1,Mono,0.2019810637477753
mRMR,Pappalardo,1,NK,0.2531721642835227
mRMR,Pappalardo,1,dnT,0.2217128278391593
mRMR,Pappalardo,1,gdT,0.2535121973601342
DE_top,Heming,3,B,0.3046004855521407
DE_top,Heming,3,CD4_T,0.5640754837474715
DE_top,Heming,3,CD8_T,0.315079404783484
DE_top,Heming,3,DC,0.4367546831787889
DE_top,Heming,3,Mono,0.3298677607238297
DE_top,Heming,3,NK,0.2912011876164033
DE_top,Heming,3,dnT,0.3732879203626971
DE_top,Heming,3,gdT,0.3366454032340504
DE_top,Heming,4,B,0.3010660231922585
DE_top,Heming,4,CD4_T,0.6406899818243363
DE_top,Heming,4,CD8_T,0.3132033254369263
DE_top,Heming,4,DC,0.3909094241819457
DE_top,Heming,4,Mono,0.2939333310368042
DE_top,Heming,4,NK,0.3818206896672788
DE_top,Heming,4,dnT,0.3462800831219449
DE_top,Heming,4,gdT,0.3359528725735429
DE_top,Heming,5,B,0.2832362868874486
DE_top,Heming,5,CD4_T,0.7585681585196721
DE_top,Heming,5,CD8_T,0.3059401014143467
DE_top,Heming,5,DC,0.4725034278675373
DE_top,Heming,5,Mono,0.3032856078704677
DE_top,Heming,5,NK,0.297121756726927
DE_top,Heming,5,dnT,0.2711757197993242
DE_top,Heming,5,gdT,0.2964874508042661
ElasticNet,Heming,3,B,0.5673763960633523
ElasticNet,Heming,3,CD4_T,0.6894378636639581
ElasticNet,Heming,3,CD8_T,0.6496985449259995
ElasticNet,Heming,3,DC,0.5571620704799514
ElasticNet,Heming,3,Mono,0.625851581988693
ElasticNet,Heming,3,NK,0.6674183399707461
ElasticNet,Heming,3,dnT,0.3823044423990909
ElasticNet,Heming,3,gdT,0.4658693239825765
ElasticNet,Heming,4,B,0.6418681059003284
ElasticNet,Heming,4,CD4_T,0.749536912181506
ElasticNet,Heming,4,CD8_T,0.6055255577857366
ElasticNet,Heming,4,DC,0.5126819274003543
ElasticNet,Heming,4,Mono,0.3368233979171989
ElasticNet,Heming,4,NK,0.6850001734156567
ElasticNet,Heming,4,dnT,0.5099682875803079
ElasticNet,Heming,4,gdT,0.5352523942027059
ElasticNet,Heming,5,B,0.5689767211771756
ElasticNet,Heming,5,CD4_T,0.7443978608323846
ElasticNet,Heming,5,CD8_T,0.6795463590785719
ElasticNet,Heming,5,DC,0.7193075597945946
ElasticNet,Heming,5,Mono,0.4750888353974841
ElasticNet,Heming,5,NK,0.6745242202549492
ElasticNet,Heming,5,dnT,0.4800195665179216
ElasticNet,Heming,5,gdT,0.3847224193390366
HVG,Heming,3,B,0.3115626285561653
HVG,Heming,3,CD4_T,0.4967020525341413
HVG,Heming,3,CD8_T,0.4424796280584837
HVG,Heming,3,DC,0.2610692502838274
HVG,Heming,3,Mono,0.5619653581030489
HVG,Heming,3,NK,0.2767247070006152
HVG,Heming,3,dnT,0.7985835386433771
HVG,Heming,3,gdT,0.353587288625259
HVG,Heming,4,B,0.2623979109719441
HVG,Heming,4,CD4_T,0.5880967809243909
HVG,Heming,4,CD8_T,0.4066177057594058
HVG,Heming,4,DC,0.3247409340221834
HVG,Heming,4,Mono,0.4794814222100099
HVG,Heming,4,NK,0.4754996695032032
HVG,Heming,4,dnT,0.7302991055643058
HVG,Heming,4,gdT,0.3313152350808507
HVG,Heming,5,B,0.3185998722572183
HVG,Heming,5,CD4_T,0.4755938423879213
HVG,Heming,5,CD8_T,0.4234378056211677
HVG,Heming,5,DC,0.281882002352469
HVG,Heming,5,Mono,0.4740973910510469
HVG,Heming,5,NK,0.4058988785682906
HVG,Heming,5,dnT,0.7472130826572412
HVG,Heming,5,gdT,0.3139045587396299
LASSO,Heming,3,B,0.470734504364019
LASSO,Heming,3,CD4_T,0.2320225682536651
LASSO,Heming,3,CD8_T,0.2909244083841323
LASSO,Heming,3,DC,0.3369401880109893
LASSO,Heming,3,Mono,0.3388317618183684
LASSO,Heming,3,NK,0.2525097316792372
LASSO,Heming,3,dnT,0.2613574703452385
LASSO,Heming,3,gdT,0.3149253132451644
LASSO,Heming,4,B,0.4257166997099932
LASSO,Heming,4,CD4_T,0.421297951468673
LASSO,Heming,4,CD8_T,0.3852496835724365
LASSO,Heming,4,DC,0.3531900371650279
LASSO,Heming,4,Mono,0.1788077268090121
LASSO,Heming,4,NK,0.3129127641185544
LASSO,Heming,4,dnT,0.4107417548469789
LASSO,Heming,4,gdT,0.2481355468742637
LASSO,Heming,5,B,0.3649109958117481
LASSO,Heming,5,CD4_T,0.3747972234110183
LASSO,Heming,5,CD8_T,0.2661255947140364
LASSO,Heming,5,DC,0.2997251516889408
LASSO,Heming,5,Mono,0.2680271034338833
LASSO,Heming,5,NK,0.2816073085274538
LASSO,Heming,5,dnT,0.3853933499145391
LASSO,Heming,5,gdT,0.2749364143374777
QUBO,Heming,3,B,0.2321567933165514
QUBO,Heming,3,CD4_T,0.2670569999421722
QUBO,Heming,3,CD8_T,0.173642720075223
QUBO,Heming,3,DC,0.2977113540921307
QUBO,Heming,3,Mono,0.2707065455758746
QUBO,Heming,3,NK,0.1962951183926664
QUBO,Heming,3,dnT,0.292512902399147
QUBO,Heming,3,gdT,0.1989298715259476
QUBO,Heming,4,B,0.2135074348242905
QUBO,Heming,4,CD4_T,0.4613764994801255
QUBO,Heming,4,CD8_T,0.2066893374367493
QUBO,Heming,4,DC,0.2936278861520027
QUBO,Heming,4,Mono,0.2083139988543719
QUBO,Heming,4,NK,0.2001762866231469
QUBO,Heming,4,dnT,0.221705344288295
QUBO,Heming,4,gdT,0.2887521321494833
QUBO,Heming,5,B,0.2063354375088829
QUBO,Heming,5,CD4_T,0.4488516058824164
QUBO,Heming,5,CD8_T,0.2997604425636195
QUBO,Heming,5,DC,0.3471698335592474
QUBO,Heming,5,Mono,0.2428779145244014
QUBO,Heming,5,NK,0.1641693177720884
QUBO,Heming,5,dnT,0.1865514289177744
QUBO,Heming,5,gdT,0.229149206136999
mRMR,Heming,3,B,0.2517975522462037
mRMR,Heming,3,CD4_T,0.3732118955992466
mRMR,Heming,3,CD8_T,0.2121262847846874
mRMR,Heming,3,DC,0.3352972768234256
mRMR,Heming,3,Mono,0.3298677607238297
mRMR,Heming,3,NK,0.2179686810542294
mRMR,Heming,3,dnT,0.3472073537421044
mRMR,Heming,3,gdT,0.2355166033266662
mRMR,Heming,4,B,0.259631603597254
mRMR,Heming,4,CD4_T,0.4594548337544279
mRMR,Heming,4,CD8_T,0.2406100123023726
mRMR,Heming,4,DC,0.30726037345108
mRMR,Heming,4,Mono,0.2574038499405612
mRMR,Heming,4,NK,0.3147672589701224
mRMR,Heming,4,dnT,0.2627850082299363
mRMR,Heming,4,gdT,0.3134429523342209
mRMR,Heming,5,B,0.2543150365403867
mRMR,Heming,5,CD4_T,0.2899735298138985
mRMR,Heming,5,CD8_T,0.2175482405034548
mRMR,Heming,5,DC,0.3832792966531741
mRMR,Heming,5,Mono,0.2481064886249065
mRMR,Heming,5,NK,0.2171492057876068
mRMR,Heming,5,dnT,0.2132722842593784
mRMR,Heming,5,gdT,0.2599950826516675
DE_top,Heming,1,B,0.4839837395606333
DE_top,Heming,1,CD4_T,0.4802542371108329
DE_top,Heming,1,CD8_T,0.4791577087775056
DE_top,Heming,1,DC,0.6237769511931955
DE_top,Heming,1,Mono,0.3808009633471892
DE_top,Heming,1,NK,0.4307573400886885
DE_top,Heming,1,dnT,0.3710269368073153
DE_top,Heming,1,gdT,0.3426271343858273
DE_top,Heming,2,B,0.4196845668669364
DE_top,Heming,2,CD4_T,0.6819308310613074
DE_top,Heming,2,CD8_T,0.4634269989266706
DE_top,Heming,2,DC,0.4654453130675589
DE_top,Heming,2,Mono,0.2381191325721614
DE_top,Heming,2,NK,0.5625292184195516
DE_top,Heming,2,dnT,0.4307340824106624
DE_top,Heming,2,gdT,0.4426253857324672
ElasticNet,Heming,1,B,0.648507026989732
ElasticNet,Heming,1,CD4_T,0.7617046612935555
ElasticNet,Heming,1,CD8_T,0.5623443262042421
ElasticNet,Heming,1,DC,0.8058934157257183
ElasticNet,Heming,1,Mono,0.597027360059327
ElasticNet,Heming,1,NK,0.6375160318053703
ElasticNet,Heming,1,dnT,0.6271057689434371
ElasticNet,Heming,1,gdT,0.4883490058938727
ElasticNet,Heming,2,B,0.53863413389031
ElasticNet,Heming,2,CD4_T,0.6546620425571816
ElasticNet,Heming,2,CD8_T,0.6920581693644468
ElasticNet,Heming,2,DC,0.5754892209137316
ElasticNet,Heming,2,Mono,0.4910901101180708
ElasticNet,Heming,2,NK,0.7889934167070717
ElasticNet,Heming,2,dnT,0.6811846034445332
ElasticNet,Heming,2,gdT,0.5456932680154414
HVG,Heming,1,B,0.3820313731432153
HVG,Heming,1,CD4_T,0.5452079547421044
HVG,Heming,1,CD8_T,0.4252440331343372
HVG,Heming,1,DC,0.2814912207892723
HVG,Heming,1,Mono,0.3565593506870697
HVG,Heming,1,NK,0.446269430959243
HVG,Heming,1,dnT,0.7338188225457164
HVG,Heming,1,gdT,0.2803122400443596
HVG,Heming,2,B,0.386493910638
HVG,Heming,2,CD4_T,0.5494768707951272
HVG,Heming,2,CD8_T,0.3949777052879399
HVG,Heming,2,DC,0.3128899177387115
HVG,Heming,2,Mono,0.5266582638195157
HVG,Heming,2,NK,0.3966848045079233
HVG,Heming,2,dnT,0.6823449302093653
HVG,Heming,2,gdT,0.3436932529951439
LASSO,Heming,1,B,0.5072309290225611
LASSO,Heming,1,CD4_T,0.3650502404643101
LASSO,Heming,1,CD8_T,0.3776949180106193
LASSO,Heming,1,DC,0.3746554907188911
LASSO,Heming,1,Mono,0.2488019077268437
LASSO,Heming,1,NK,0.3791818485851734
LASSO,Heming,1,dnT,0.34424760470752
LASSO,Heming,1,gdT,0.2489305460352018
LASSO,Heming,2,B,0.348057507849878
LASSO,Heming,2,CD4_T,0.2917837013034691
LASSO,Heming,2,CD8_T,0.2558918201062713
LASSO,Heming,2,DC,0.3172362859360744
LASSO,Heming,2,Mono,0.260447155920351
LASSO,Heming,2,NK,0.2585672881115727
LASSO,Heming,2,dnT,0.2509582606984803
LASSO,Heming,2,gdT,0.3248124764185418
QUBO,Heming,1,B,0.2074918576329191
QUBO,Heming,1,CD4_T,0.4370187844572439
QUBO,Heming,1,CD8_T,0.2751403111745252
QUBO,Heming,1,DC,0.4368239734014384
QUBO,Heming,1,Mono,0.2197181406906942
QUBO,Heming,1,NK,0.2708019504846005
QUBO,Heming,1,dnT,0.2446640950033881
QUBO,Heming,1,gdT,0.2402171122517304
QUBO,Heming,2,B,0.3412231846392818
QUBO,Heming,2,CD4_T,0.5240615786553717
QUBO,Heming,2,CD8_T,0.3791082088589577
QUBO,Heming,2,DC,0.3341299080837867
QUBO,Heming,2,Mono,0.1887498407557879
QUBO,Heming,2,NK,0.232117143226887
QUBO,Heming,2,dnT,0.3432253573908453
QUBO,Heming,2,gdT,0.3299349454848046
mRMR,Heming,1,B,0.2874902600139745
mRMR,Heming,1,CD4_T,0.3961454843684906
mRMR,Heming,1,CD8_T,0.3424947686240402
mRMR,Heming,1,DC,0.3598537365116092
mRMR,Heming,1,Mono,0.2737965102251067
mRMR,Heming,1,NK,0.34355494284901
mRMR,Heming,1,dnT,0.334831224024089
mRMR,Heming,1,gdT,0.2720713047808836
mRMR,Heming,2,B,0.3007229893221438
mRMR,Heming,2,CD4_T,0.3687354112913368
mRMR,Heming,2,CD8_T,0.3256300508102686
mRMR,Heming,2,DC,0.3500240600566042
mRMR,Heming,2,Mono,0.2381191325721614
mRMR,Heming,2,NK,0.3039266070673345
mRMR,Heming,2,dnT,0.3780066220032608
mRMR,Heming,2,gdT,0.2998117185320985
DE_top,Ramesh,1,B,0.2852094161736698
DE_top,Ramesh,1,CD4_T,0.3555530463204432
DE_top,Ramesh,1,CD8_T,0.3127965059528722
DE_top,Ramesh,1,DC,0.3991629855173148
DE_top,Ramesh,1,Mono,0.2683360229411783
DE_top,Ramesh,1,NK,0.3316665135916534
DE_top,Ramesh,1,dnT,0.4229862656025362
DE_top,Ramesh,1,gdT,0.2639305666500484
DE_top,Ramesh,2,B,0.4969622580475729
DE_top,Ramesh,2,CD4_T,0.3362191495127299
DE_top,Ramesh,2,CD8_T,0.3245679676293997
DE_top,Ramesh,2,DC,0.3721256717180159
DE_top,Ramesh,2,Mono,0.3291457843153132
DE_top,Ramesh,2,NK,0.2585294018009482
DE_top,Ramesh,2,dnT,0.3931686681566306
DE_top,Ramesh,2,gdT,0.3770359028151654
DE_top,Ramesh,3,B,0.2866284513172685
DE_top,Ramesh,3,CD4_T,0.3702201469705318
DE_top,Ramesh,3,CD8_T,0.3289487251219378
DE_top,Ramesh,3,DC,0.313786122154289
DE_top,Ramesh,3,Mono,0.2443653470367638
DE_top,Ramesh,3,NK,0.261851103771367
DE_top,Ramesh,3,dnT,0.3709495207429332
DE_top,Ramesh,3,gdT,0.2270814466754764
ElasticNet,Ramesh,1,B,0.4472447285717723
ElasticNet,Ramesh,1,CD4_T,0.3288835186588893
ElasticNet,Ramesh,1,CD8_T,0.3758739136824892
ElasticNet,Ramesh,1,DC,0.3568285225994084
ElasticNet,Ramesh,1,Mono,0.2528018512530604
ElasticNet,Ramesh,1,NK,0.2894845058493701
ElasticNet,Ramesh,1,dnT,0.2821437548634052
ElasticNet,Ramesh,1,gdT,0.1935743175345511
ElasticNet,Ramesh,2,B,0.317574224056082
ElasticNet,Ramesh,2,CD4_T,0.2911590312870222
ElasticNet,Ramesh,2,CD8_T,0.2505147682168234
ElasticNet,Ramesh,2,DC,0.3437863497682137
ElasticNet,Ramesh,2,Mono,0.2658058586016875
ElasticNet,Ramesh,2,NK,0.270613876745684
ElasticNet,Ramesh,2,dnT,0.3472491312404751
ElasticNet,Ramesh,2,gdT,0.236171573532034
ElasticNet,Ramesh,3,B,0.552631276081406
ElasticNet,Ramesh,3,CD4_T,0.2422445218937732
ElasticNet,Ramesh,3,CD8_T,0.2709591177865997
ElasticNet,Ramesh,3,DC,0.4036450267528852
ElasticNet,Ramesh,3,Mono,0.2209653918321616
ElasticNet,Ramesh,3,NK,0.1892874022633716
ElasticNet,Ramesh,3,dnT,0.266013588803834
ElasticNet,Ramesh,3,gdT,0.2522382669609981
HVG,Ramesh,1,B,0.3269867270320367
HVG,Ramesh,1,CD4_T,0.8156908408813766
HVG,Ramesh,1,CD8_T,0.7506421460943478
HVG,Ramesh,1,DC,0.5744866454712544
HVG,Ramesh,1,Mono,0.405603179512764
HVG,Ramesh,1,NK,0.7116056719653906
HVG,Ramesh,1,dnT,0.6158914570850227
HVG,Ramesh,1,gdT,0.5694205253034911
HVG,Ramesh,2,B,0.2543775017484505
HVG,Ramesh,2,CD4_T,0.686972022431526
HVG,Ramesh,2,CD8_T,0.6800666792413783
HVG,Ramesh,2,DC,0.3506487320760895
HVG,Ramesh,2,Mono,0.4856338028379753
HVG,Ramesh,2,NK,0.674037141236933
HVG,Ramesh,2,dnT,0.6269471696218868
HVG,Ramesh,2,gdT,0.4425117372221496
HVG,Ramesh,3,B,0.2736671989515749
HVG,Ramesh,3,CD4_T,0.6700980393045028
HVG,Ramesh,3,CD8_T,0.6871789751571421
HVG,Ramesh,3,DC,0.38618677622489
HVG,Ramesh,3,Mono,0.4655054076680122
HVG,Ramesh,3,NK,0.4989049629795688
HVG,Ramesh,3,dnT,0.699792171182256
HVG,Ramesh,3,gdT,0.4059044355990467
LASSO,Ramesh,1,B,0.3424563802220426
LASSO,Ramesh,1,CD4_T,0.2545958663950119
LASSO,Ramesh,1,CD8_T,0.2829898723513787
LASSO,Ramesh,1,DC,0.3986559424888282
LASSO,Ramesh,1,Mono,0.1943959327678665
LASSO,Ramesh,1,NK,0.2242931042590109
LASSO,Ramesh,1,dnT,0.3048505801651269
LASSO,Ramesh,1,gdT,0.2630599060774705
LASSO,Ramesh,2,B,0.2718906115306517
LASSO,Ramesh,2,CD4_T,0.3106455954279402
LASSO,Ramesh,2,CD8_T,0.4492194057464477
LASSO,Ramesh,2,DC,0.2208701246657683
LASSO,Ramesh,2,Mono,0.2070868588883075
LASSO,Ramesh,2,NK,0.2572635167094991
LASSO,Ramesh,2,dnT,0.2117724780660535
LASSO,Ramesh,2,gdT,0.2130112836038514
LASSO,Ramesh,3,B,0.2123705419219
LASSO,Ramesh,3,CD4_T,0.2773501502951869
LASSO,Ramesh,3,CD8_T,0.2529429795332129
LASSO,Ramesh,3,DC,0.2753103092160448
LASSO,Ramesh,3,Mono,0.2465466606332162
LASSO,Ramesh,3,NK,0.1675502417182434
LASSO,Ramesh,3,dnT,0.2076770703642234
LASSO,Ramesh,3,gdT,0.1914711175352201
QUBO,Ramesh,1,B,0.1967602000786004
QUBO,Ramesh,1,CD4_T,0.2516855775319548
QUBO,Ramesh,1,CD8_T,0.2844726066343737
QUBO,Ramesh,1,DC,0.3170003580463454
QUBO,Ramesh,1,Mono,0.1530784651186829
QUBO,Ramesh,1,NK,0.1964555745306239
QUBO,Ramesh,1,dnT,0.1849647039084876
QUBO,Ramesh,1,gdT,0.2078315933843161
QUBO,Ramesh,2,B,0.2720021970803875
QUBO,Ramesh,2,CD4_T,0.2733677071175379
QUBO,Ramesh,2,CD8_T,0.2673959205277632
QUBO,Ramesh,2,DC,0.2298105989832751
QUBO,Ramesh,2,Mono,0.2484291562509266
QUBO,Ramesh,2,NK,0.2031799883480579
QUBO,Ramesh,2,dnT,0.2435699106069847
QUBO,Ramesh,2,gdT,0.1986783796565312
QUBO,Ramesh,3,B,0.2250373444265743
QUBO,Ramesh,3,CD4_T,0.256801428291982
QUBO,Ramesh,3,CD8_T,0.2467233094707987
QUBO,Ramesh,3,DC,0.2265973326084611
QUBO,Ramesh,3,Mono,0.1917629033088216
QUBO,Ramesh,3,NK,0.1822014479127063
QUBO,Ramesh,3,dnT,0.2106171804128118
QUBO,Ramesh,3,gdT,0.1678035034937781
mRMR,Ramesh,1,B,0.243638450320381
mRMR,Ramesh,1,CD4_T,0.2482317222899668
mRMR,Ramesh,1,CD8_T,0.2988800608789018
mRMR,Ramesh,1,DC,0.3449034189755487
mRMR,Ramesh,1,Mono,0.1876924974609227
mRMR,Ramesh,1,NK,0.2824614353464103
mRMR,Ramesh,1,dnT,0.2306283174784139
mRMR,Ramesh,1,gdT,0.2212639118505209
mRMR,Ramesh,2,B,0.3574744352161276
mRMR,Ramesh,2,CD4_T,0.3199399651401576
mRMR,Ramesh,2,CD8_T,0.293540766012383
mRMR,Ramesh,2,DC,0.2888491767031562
mRMR,Ramesh,2,Mono,0.2490987033690386
mRMR,Ramesh,2,NK,0.2387747449088066
mRMR,Ramesh,2,dnT,0.210599905802524
mRMR,Ramesh,2,gdT,0.2481014499160429
mRMR,Ramesh,3,B,0.2471753612586504
mRMR,Ramesh,3,CD4_T,0.3037214742663414
mRMR,Ramesh,3,CD8_T,0.27036090210261
mRMR,Ramesh,3,DC,0.2577811580472504
mRMR,Ramesh,3,Mono,0.2088823136661588
mRMR,Ramesh,3,NK,0.245248261926039
mRMR,Ramesh,3,dnT,0.2648661536699703
mRMR,Ramesh,3,gdT,0.1979148770678692
DE_top,Ramesh,4,B,0.3689107770921491
DE_top,Ramesh,4,CD4_T,0.3897735887187875
DE_top,Ramesh,4,CD8_T,0.3045937832932746
DE_top,Ramesh,4,DC,0.312251864692684
DE_top,Ramesh,4,Mono,0.3618424923470216
DE_top,Ramesh,4,NK,0.3082621925596441
DE_top,Ramesh,4,dnT,0.468204668497071
DE_top,Ramesh,4,gdT,0.2536585627803949
DE_top,Ramesh,5,CD4_T,0.378898365907322
DE_top,Ramesh,5,CD8_T,0.3107424351615799
DE_top,Ramesh,5,DC,0.2790111597391543
DE_top,Ramesh,5,Mono,0.3281816472767112
DE_top,Ramesh,5,NK,0.3037774976624159
DE_top,Ramesh,5,dnT,0.4446733168266369
DE_top,Ramesh,5,gdT,0.2412128723287668
ElasticNet,Ramesh,4,B,0.6143176290154493
ElasticNet,Ramesh,4,CD4_T,0.3771638772318277
ElasticNet,Ramesh,4,CD8_T,0.3328283816284416
ElasticNet,Ramesh,4,DC,0.3110558094468442
ElasticNet,Ramesh,4,Mono,0.2513543794040133
ElasticNet,Ramesh,4,NK,0.2545747473990805
ElasticNet,Ramesh,4,dnT,0.3689344852124116
ElasticNet,Ramesh,4,gdT,0.214211925197184
ElasticNet,Ramesh,5,CD4_T,0.2821502760865491
ElasticNet,Ramesh,5,CD8_T,0.3243245164849137
ElasticNet,Ramesh,5,DC,0.3882510709826473
ElasticNet,Ramesh,5,Mono,0.1870872393975756
ElasticNet,Ramesh,5,NK,0.2494463618048494
ElasticNet,Ramesh,5,dnT,0.2668172968897507
ElasticNet,Ramesh,5,gdT,0.2879213373108955
HVG,Ramesh,4,B,0.336203530633304
HVG,Ramesh,4,CD4_T,0.7076244808997801
HVG,Ramesh,4,CD8_T,0.7523242494521148
HVG,Ramesh,4,DC,0.3719160954969105
HVG,Ramesh,4,Mono,0.3896688437043672
HVG,Ramesh,4,NK,0.6310701261567211
HVG,Ramesh,4,dnT,0.763963076883831
HVG,Ramesh,4,gdT,0.6121777796929377
HVG,Ramesh,5,CD4_T,0.6670514577545521
HVG,Ramesh,5,CD8_T,0.6741051685003716
HVG,Ramesh,5,DC,0.3684365286393629
HVG,Ramesh,5,Mono,0.4114680771614221
HVG,Ramesh,5,NK,0.5152442555975181
HVG,Ramesh,5,dnT,0.7246078158558666
HVG,Ramesh,5,gdT,0.5507242876906355
LASSO,Ramesh,4,B,0.3250864325313235
LASSO,Ramesh,4,CD4_T,0.2502103558204823
LASSO,Ramesh,4,CD8_T,0.302375153508172
LASSO,Ramesh,4,DC,0.2368336080578295
LASSO,Ramesh,4,Mono,0.2109239030236449
LASSO,Ramesh,4,NK,0.2124894183555108
LASSO,Ramesh,4,dnT,0.2466911354356428
LASSO,Ramesh,4,gdT,0.2408161625208661
LASSO,Ramesh,5,CD4_T,0.2774361973227999
LASSO,Ramesh,5,CD8_T,0.3396772754767562
LASSO,Ramesh,5,DC,0.2530697699823879
LASSO,Ramesh,5,Mono,0.2555636151390406
LASSO,Ramesh,5,NK,0.2106935725445561
LASSO,Ramesh,5,dnT,0.2082550042527928
LASSO,Ramesh,5,gdT,0.2383073964347239
QUBO,Ramesh,4,B,0.2278326162157444
QUBO,Ramesh,4,CD4_T,0.2676050165747721
QUBO,Ramesh,4,CD8_T,0.226131432162295
QUBO,Ramesh,4,DC,0.2439044845297955
QUBO,Ramesh,4,Mono,0.2561512113572908
QUBO,Ramesh,4,NK,0.2161097110546799
QUBO,Ramesh,4,dnT,0.2940518047047547
QUBO,Ramesh,4,gdT,0.1861967913263754
QUBO,Ramesh,5,CD4_T,0.2745180962298879
QUBO,Ramesh,5,CD8_T,0.252948160525064
QUBO,Ramesh,5,DC,0.2075057703153714
QUBO,Ramesh,5,Mono,0.1866374296060907
QUBO,Ramesh,5,NK,0.1825316541480249
QUBO,Ramesh,5,dnT,0.3318311535523332
QUBO,Ramesh,5,gdT,0.1817369018832786
mRMR,Ramesh,4,B,0.2167811059848171
mRMR,Ramesh,4,CD4_T,0.2866016527374347
mRMR,Ramesh,4,CD8_T,0.2784656743214898
mRMR,Ramesh,4,DC,0.2642190024680705
mRMR,Ramesh,4,Mono,0.3142143313965182
mRMR,Ramesh,4,NK,0.2529019514704886
mRMR,Ramesh,4,dnT,0.3460423856212775
mRMR,Ramesh,4,gdT,0.2536585627803948
mRMR,Ramesh,5,CD4_T,0.2796075318158212
mRMR,Ramesh,5,CD8_T,0.3107424351615799
mRMR,Ramesh,5,DC,0.2790111597391543
mRMR,Ramesh,5,Mono,0.223939826019496
mRMR,Ramesh,5,NK,0.2730504319523739
mRMR,Ramesh,5,dnT,0.3605051264452453
mRMR,Ramesh,5,gdT,0.2412128723287668
